Percentage,Size_lines,Time_ms,Peak_RAM_MB
10,34018,175.2333,50.415968894958496
25,85045,432.8965,87.16535568237305
50,170091,935.7191,207.5740041732788
75,255137,1708.9672,282.7405757904053
100,340183,2237.6409000000003,413.56667137145996
